date,category,event,source
0000-00-00,정부정책,[문체부] 에이펙 관광장관회의,문체부 RSS
2024-05-26,해외학회/전시,모바일 월드 콩그레스 2024,Google Alerts 3
2024-06-26,정부정책,[복지부] 제6기 사회보장 평가전문위원회(이하 ‘평가전문위’) 2026년도 제3차 회의,복지부 RSS
2024-06-26,정부정책,[복지부] 제3차 사회보장 평가전문위원회 개최,복지부 RSS
2024-06-26,정부정책,[복지부] 제6기 사회보장 평가전문위원회 2026년도 제3차 회의,복지부 RSS
2026-05-29,해외학회/전시,ASCO Annual Meeting,Google Alerts 4
2026-06-01,해외학회/전시,ICRA 2026,Google Alerts 2
2026-06-16,해외학회/전시,BIO USA 2026 본행사 (바이오 인터내셔널),정적 캘린더
2026-06-26,정부정책,[복지부] 제1차 처우개선위원회,복지부 RSS
2026-06-26,경제 일반,[리가켐바이오] 유상증자 공시접수,DART
2026-06-26,경제 일반,[페니트리움바이오] 유상증자 공시접수 (정정),DART
2026-06-26,정부정책,[복지부] 2026년 제1차 처우개선위원회,복지부 RSS
2026-06-26,경제 일반,[펨토바이오메드] 주권매매거래정지기간변경 (지정자문인 계약해지 공시접수,DART
2026-06-26,경제 일반,[케이비증권] 유상증자 공시접수,DART
2026-06-26,경제 일반,[이렘] 유상증자 공시접수 (정정),DART
2026-06-26,경제 일반,[페니트리움바이오] 유상증자1차발행가액 공시접수,DART
2026-06-26,경제 일반,[스코넥] [기재정정]주요사항보고서(유상증자결정),DART
2026-06-26,경제 일반,[노머스] 주식소각 공시접수,DART
2026-06-26,경제 일반,[앤로보틱스] 증권발행결과(자율공시 (제3자배정 유상증자 공시접수,DART
2026-06-26,경제 일반,[씨앤투스] 회사합병 공시접수,DART
2026-06-26,경제 일반,[아시아나항공] 회사합병 공시접수 (정정),DART
2026-06-26,경제 일반,"[큐라티스] 주권매매거래정지 (주식의 병합, 분할 등 전자등록 변경, 말소 공시접수",DART
2026-06-26,경제 일반,[오에스피] 유상증자 공시접수,DART
2026-06-26,경제 일반,[휴온스] 합병등종료보고서(합병 공시접수,DART
2026-06-26,경제 일반,[대한항공] 회사합병 공시접수 (정정),DART
2026-06-26,경제 일반,[기가레인] 주권매매거래정지해제 (액면병합 주권 변경상장 공시접수,DART
2026-06-26,경제 일반,[LIG디펜스앤에어로스페이스] 유상증자 공시접수,DART
2026-06-26,경제 일반,[블루산업개발] 유상증자 공시접수 (정정),DART
2026-06-26,경제 일반,[알지노믹스] 권리락 (무상증자 공시접수,DART
2026-06-26,경제 일반,[토박스코리아] 유상증자 공시접수,DART
2026-06-26,경제 일반,[디와이디] 유상증자 공시접수 (정정),DART
2026-06-26,경제 일반,[페니트리움바이오] 권리락 (유상증자 공시접수,DART
2026-06-26,경제 일반,[젠큐릭스] [첨부정정]회사합병 공시접수,DART
2026-06-29,경제 일반,[비트맥스] 증권발행결과(자율공시 (제3자배정 유상증자 공시접수,DART
2026-06-29,경제 일반,[TS인베스트먼트] 주권매매거래정지해제 (액면병합 주권 변경상장 공시접수,DART
2026-06-29,경제 일반,[엑스플러스] 불성실공시법인지정 (공시불이행 공시접수,DART
2026-06-29,경제 일반,[밸로프] 주식소각 공시접수,DART
2026-06-29,경제 일반,[씨엔알리서치] 주권매매거래정지해제 (액면병합 주권 변경상장 공시접수,DART
2026-06-29,경제 일반,[지엘팜텍] 기타경영사항(자율공시 (소규모합병 승인 이사회 결의 결과 보고 공시접수,DART
2026-06-29,경제 일반,[노머스] 주식소각 공시접수 (정정),DART
2026-06-29,경제 일반,[넥써쓰] 합병등종료보고서(자산양수도 공시접수,DART
2026-06-29,경제 일반,[썸에이지] 권리락 (유상증자 공시접수,DART
2026-06-29,경제 일반,[엑시온그룹] 불성실공시법인지정 (공시번복 공시접수,DART
2026-06-29,경제 일반,[플리토] 주권매매거래정지 (단일판매공급계약 공시접수,DART
2026-06-29,경제 일반,[지역난방공사] 영업(잠정실적(공정공시 공시접수,DART
2026-06-29,경제 일반,[큐리오시스] 주권매매거래정지 (무상증자 공시접수,DART
2026-06-29,경제 일반,"[케어젠] 불성실공시법인지정 (공시번복 1건, 공시변경 1건 공시접수",DART
2026-06-29,경제 일반,[씨앤투스] [첨부정정]회사합병 공시접수,DART
2026-06-29,경제 일반,[DGI] 주권매매거래정지기간변경 (개선기간 부여 공시접수,DART
2026-06-29,경제 일반,"[다원시스] 불성실공시법인지정 (공시번복 6건, 공시불이행 1건, 공시변경 1건 공시접수",DART
2026-06-29,경제 일반,[CSA 코스믹] 주식분할 공시접수 (정정),DART
2026-06-29,경제 일반,[썸에이지] 유상증자1차발행가액 공시접수,DART
2026-06-29,정부정책,[금융위] 「포용금융 전략추진단」 정책서민 분과 첫 회의 (Kick-off),금융위 RSS
2026-06-29,신규상장,[신규상장] 져스텍,38커뮤니케이션
2026-06-29,배당/권리락,[권리락] [페니트리움바이오] 유상증자 권리락 (정정),DART
2026-06-29,정부정책,[금융위] 금융소비자보호 정책평가위원회 출범 회의,금융위 RSS
2026-06-29,경제 일반,[뉴인텍] 유상증자또는주식관련사채등의청약결과(자율공시 (주주배정후 실권주 일반공모 공시접수,DART
2026-06-30,경제 일반,[비츠로셀] 주식소각 공시접수,DART
2026-06-30,경제 일반,[IBKS제25호스팩] 주권매매거래정지 (SPAC 합병(예비심사청구대상 공시접수,DART
2026-06-30,경제 일반,[세나테크놀로지] 결산실적공시예고 공시접수,DART
2026-06-30,경제 일반,[화승엔터프라이즈] 불성실공시법인지정 공시접수,DART
2026-06-30,경제 일반,[피앤씨테크] 합병등종료보고서(합병 공시접수,DART
2026-06-30,경제 일반,[나우로보틱스] 합병등종료보고서(합병 공시접수,DART
2026-06-30,경제 일반,[와이즈버즈] 주식소각 공시접수 (정정),DART
2026-06-30,경제 일반,[나우로보틱스] 합병등종료보고서(자산양수도 공시접수,DART
2026-06-30,경제 일반,[페니트리움바이오] 유상증자 신주배정기준일 (정정),DART
2026-06-30,경제 일반,[모바일어플라이언스] 불성실공시법인지정예고 (공시불이행 8건 공시접수,DART
2026-06-30,경제 일반,[SJG세종] 주식소각 공시접수,DART
2026-06-30,경제 일반,[아이톡시] 불성실공시법인지정예고 (공시번복 3건 공시접수,DART
2026-06-30,신규상장,[신규상장] 한국스팩16호,38커뮤니케이션
2026-06-30,경제 일반,[더존비즈온] 합병등종료보고서(주식의포괄적교환ㆍ이전 공시접수,DART
2026-06-30,경제 일반,[넥스틸] 유상증자또는주식관련사채등의발행결과(자율공시 공시접수,DART
2026-06-30,경제 일반,[시노펙스] 합병등종료보고서(합병 공시접수,DART
2026-06-30,경제 일반,[삼립] 불성실공시법인지정 공시접수,DART
2026-06-30,경제 일반,[휴맥스홀딩스] 주식소각 공시접수,DART
2026-06-30,경제 일반,[알엔투테크놀로지] 유상증자 공시접수,DART
2026-06-30,경제 일반,[뉴키즈온] 주식소각 공시접수,DART
2026-06-30,경제 일반,[SGA솔루션즈] 합병등종료보고서(합병 공시접수,DART
2026-06-30,신규상장,[신규상장] 스트라드비젼,38커뮤니케이션
2026-06-30,경제 일반,[선진뷰티사이언스] 기타주요경영사항 (회사분할 철회 공시접수,DART
2026-06-30,경제 일반,[파라다이스] 불성실공시법인지정 공시접수,DART
2026-06-30,경제 일반,[JB금융지주] 주식소각 공시접수 (정정),DART
2026-06-30,경제 일반,[선진뷰티사이언스] 회사분할 공시접수 (정정),DART
2026-06-30,경제 일반,[에코프로비엠] 유상증자 신주배정기준일,DART
2026-06-30,경제 일반,[메디톡스] 주식소각 (상환전환우선주 공시접수 (정정),DART
2026-06-30,경제 일반,[젠큐릭스] 합병등종료보고서(자산양수도 공시접수 (정정),DART
2026-06-30,경제 일반,[알비더블유] 연결재무제표기준영업실적등에대한전망(공정공시 공시접수,DART
2026-06-30,경제 일반,[현대홈쇼핑] 합병등종료보고서(주식의포괄적교환ㆍ이전 공시접수,DART
2026-06-30,경제 일반,"[KNN] 주권매매거래정지 (주식의 병합, 분할 등 전자등록 변경, 말소 공시접수",DART
2026-06-30,정부정책,[금융위] 관계기관 합동 가계부채 점검회의,금융위 RSS
2026-06-30,정부정책,[국회] 제436회국회(임시회) 제4차 본회의 (제436-4차(의사일정)...),국회사무처
2026-06-30,경제 일반,[청보] 기타경영사항(자율공시 (자기사채(제13회 전환사채 소각 의 건 공시접수,DART
2026-06-30,배당/권리락,[권리락] [썸에이지] 유상증자 권리락 (정정),DART
2026-06-30,경제 일반,[유진스팩10호] 주권매매거래정지 (SPAC 합병(예비심사청구대상 공시접수,DART
2026-06-30,경제 일반,[동원산업] 불성실공시법인미지정 (지정유예 공시접수,DART
2026-06-30,경제 일반,"[디젠스] 주권매매거래정지 (주식의 병합, 분할 등 전자등록 변경, 말소 공시접수",DART
2026-06-30,경제 일반,[이오플로우] 주권매매거래정지기간변경 (상장적격성 실질심사 대상 공시접수,DART
2026-06-30,경제 일반,[휴맥스] 주식소각 공시접수,DART
2026-06-30,경제 일반,[트리니티항공] 유상증자또는주식관련사채등의발행결과(자율공시 공시접수,DART
2026-06-30,경제 일반,[코스맥스엔비티] 합병등종료보고서(합병 공시접수,DART
2026-07-01,경제 일반,[롯데관광개발] 연결재무제표기준영업(잠정실적(공정공시 공시접수,DART
2026-07-01,경제 일반,[애니플러스] 합병등종료보고서(합병 공시접수,DART
2026-07-01,경제 일반,[수출입] 관세청 월간 수출입 동향 발표(예정)일,관세청
2026-07-01,경제 일반,[손오공] 기타경영사항(자율공시 (소규모합병 승인 이사회 결의(주주총회 갈음 결과 보고 공시접수,DART
2026-07-01,공모청약,[공모청약] 레메디,38커뮤니케이션
2026-07-01,경제 일반,[파라택시스코리아] 주권매매거래정지기간변경 (상장폐지 사유 발생 공시접수,DART
2026-07-01,경제 일반,[동우팜투테이블] 주식소각 공시접수,DART
2026-07-01,경제 일반,[에코프로비엠] 특수관계인의유상증자참여 공시접수,DART
2026-07-01,경제 일반,[휴맥스] 회사합병 합병기일,DART
2026-07-01,경제 일반,[LG디스플레이] 결산실적공시예고(안내공시 공시접수,DART
2026-07-01,경제 일반,[LG이노텍] 결산실적공시예고(안내공시 공시접수,DART
2026-07-01,보호예수 해제,"[보호예수] 리센스메디컬 의무보유 해제 (1,246,456 주, 11%)",예탁결제원(PDF)
2026-07-01,경제 일반,[대진첨단소재] 기타시장안내 (상장폐지 관련 이의신청서 접수 공시접수,DART
2026-07-01,경제 일반,[현대자동차] 영업(잠정실적(공정공시 공시접수,DART
2026-07-01,경제 일반,[썸에이지] 유상증자 신주배정기준일 (정정),DART
2026-07-01,경제 일반,[엠게임] 주식소각 공시접수,DART
2026-07-01,경제 일반,[한세엠케이] 주식소각 공시접수,DART
2026-07-01,경제 일반,[에이프로젠바이오로직스] 유상증자또는주식관련사채등의발행결과(자율공시 공시접수,DART
2026-07-01,경제 일반,[휴맥스홀딩스] 회사합병 합병기일,DART
2026-07-01,경제 일반,[에스트래픽] [첨부정정]회사합병 공시접수,DART
2026-07-01,경제 일반,"[알엔티엑스] 주권매매거래정지 (주식의 병합, 분할 등 전자등록 변경, 말소 공시접수",DART
2026-07-01,경제 일반,[기아] 영업(잠정실적(공정공시 공시접수,DART
2026-07-01,경제 일반,[KG모빌리티] 영업(잠정실적(공정공시 공시접수,DART
2026-07-01,경제 일반,[휴맥스] 증권신고서(합병 공시접수,DART
2026-07-01,경제 일반,[메타케어] 유상증자 신주상장예정일 (정정),DART
2026-07-01,경제 일반,[대교] 주식소각 공시접수,DART
2026-07-01,경제 일반,[유진스팩10호] [첨부정정]회사합병 공시접수,DART
2026-07-01,정부정책,[금융위] 제12차 금융위원회 정례회의,금융위 RSS
2026-07-01,신규상장,[신규상장] 매드업,38커뮤니케이션
2026-07-01,경제 일반,[한울앤제주] 주식분할 공시접수,DART
2026-07-01,경제 일반,[온코크로스] 합병등종료보고서(합병 공시접수,DART
2026-07-01,경제 일반,[앤로보틱스] 합병등종료보고서(합병 공시접수,DART
2026-07-02,경제 일반,[카카오뱅크] 결산실적공시예고(안내공시 공시접수,DART
2026-07-02,경제 일반,[금강공업] 유상증자또는주식관련사채등의발행결과(자율공시 공시접수,DART
2026-07-02,경제 일반,[바이오비쥬] 주식소각 공시접수,DART
2026-07-02,경제 일반,[한익스프레스] 주식소각 공시접수,DART
2026-07-02,경제 일반,[알에프텍] 정정신고서제출요구( 2026.06.24. 제출 증권신고서(합병 공시접수,DART
2026-07-02,경제 일반,[DH오토웨어] 주권매매거래정지해제 (액면병합 주권 변경상장 공시접수,DART
2026-07-02,경제 일반,[미코] 합병등종료보고서(합병 공시접수,DART
2026-07-02,경제 일반,[GKL] 영업(잠정실적(공정공시 공시접수,DART
2026-07-02,보호예수 해제,"[보호예수] 인벤테라 의무보유 해제 (660,380 주, 8%)",예탁결제원(PDF)
2026-07-02,경제 일반,[티엘비] 유상증자최종발행가액확정 공시접수,DART
2026-07-02,경제 일반,[코맥스] 합병등종료보고서(합병 공시접수,DART
2026-07-02,경제 일반,[케이지에이] 유상증자최종발행가액확정 (제3자배정-소액공모 공시접수 (정정),DART
2026-07-02,경제 일반,[유틸렉스] 주권매매거래정지해제 (상장폐지에 따른 정리매매 개시 공시접수,DART
2026-07-02,경제 일반,[소룩스] 정정신고서제출요구( 2026.06.23. 제출 증권신고서(합병 공시접수,DART
2026-07-02,경제 일반,[인크레더블버즈] 기타시장안내 (코스닥시장위원회 개최 결과 및 상장폐지 안내 공시접수,DART
2026-07-02,오버행(잠재매도),[잠재매도] 꿈비 CB/BW 전환청구 가능 (1년 전 발행),DART(과거검색)
2026-07-02,경제 일반,[유틸렉스] 기타시장안내 (코스닥시장위원회 개최 결과 및 상장폐지 안내 공시접수,DART
2026-07-02,경제 일반,[파라다이스] 연결재무제표기준영업(잠정실적(공정공시 공시접수,DART
2026-07-02,경제 일반,[만호제강] 매매거래정지및정지해제(중요내용공시 공시접수,DART
2026-07-02,경제 일반,[인크레더블버즈] 주권매매거래정지해제 (상장폐지에 따른 정리매매 개시 공시접수,DART
2026-07-02,경제 일반,[만호제강] 주식소각 공시접수,DART
2026-07-02,경제 일반,[오가닉티코스메틱] 증권발행결과(자율공시 (제3자배정 유상증자 공시접수,DART
2026-07-02,경제 일반,[딥커머스] 유상증자 공시접수,DART
2026-07-02,경제 일반,[티비씨] 주권매매거래정지해제 (액면병합 주권 변경상장 공시접수,DART
2026-07-02,오버행(잠재매도),[잠재매도] 와이투솔루션 CB/BW 전환청구 가능 (1년 전 발행),DART(과거검색)
2026-07-02,경제 일반,[제주은행] 불성실공시법인지정예고 공시접수,DART
2026-07-03,경제 일반,[애드바이오텍] 합병등종료보고서(자산양수도 공시접수,DART
2026-07-03,경제 일반,[제이케이시냅스] 주권매매거래정지해제 (액면병합 주권 변경상장 공시접수,DART
2026-07-03,경제 일반,[하나제약] 불성실공시법인지정 공시접수 (정정),DART
2026-07-03,경제 일반,[클로봇] 유상증자1차발행가액 공시접수,DART
2026-07-03,보호예수 해제,"[보호예수] 손오공 의무보유 해제 (1,291,990 주, 10%)",예탁결제원(PDF)
2026-07-03,보호예수 해제,"[보호예수] 하스 의무보유 해제 (1,775,844 주, 22%)",예탁결제원(PDF)
2026-07-03,오버행(잠재매도),[잠재매도] 애드바이오텍 CB/BW 전환청구 가능 (1년 전 발행),DART(과거검색)
2026-07-03,경제 일반,[유틸렉스] 주권매매거래정지 (투자자 보호 공시접수,DART
2026-07-03,경제 일반,[플루토스] 주권매매거래정지해제 (감자 주권 변경상장 공시접수,DART
2026-07-03,경제 일반,[클로봇] 권리락 (유상증자 공시접수,DART
2026-07-03,경제 일반,[서희건설] 주식소각 공시접수,DART
2026-07-03,경제 일반,[유성티엔에스] 주식소각 공시접수,DART
2026-07-03,경제 일반,[레몬] 증권발행결과(자율공시 (제3자배정 유상증자 공시접수,DART
2026-07-03,경제 일반,[셀트리온] 연결재무제표기준영업(잠정실적(공정공시 공시접수,DART
2026-07-03,경제 일반,[인크레더블버즈] 주권매매거래정지 (투자자 보호 공시접수,DART
2026-07-03,경제 일반,[이엔플러스] 불성실공시법인지정 공시접수,DART
2026-07-03,경제 일반,[성호전자] 합병등종료보고서(합병 공시접수,DART
2026-07-03,경제 일반,[미래에셋글로벌리츠] 불성실공시법인지정 공시접수,DART
2026-07-03,오버행(잠재매도),[잠재매도] 모아데이타 CB/BW 전환청구 가능 (1년 전 발행),DART(과거검색)
2026-07-03,경제 일반,[알파AI] 주권매매거래정지기간변경 (회생절차 개시 공시접수,DART
2026-07-03,경제 일반,[인크레더블버즈] 기타경영사항(자율공시 (상장폐지효력 정지 가처분 신청 공시접수,DART
2026-07-03,경제 일반,[유틸렉스] 기타경영사항(자율공시 (상장폐지 효력정지 등 가처분 신청 공시접수,DART
2026-07-03,경제 일반,[디와이] 합병등종료보고서(합병 공시접수,DART
2026-07-04,보호예수 해제,"[보호예수] 한빛레이저 의무보유 해제 (9,737,750 주, 41%)",예탁결제원(PDF)
2026-07-04,보호예수 해제,"[보호예수] 뉴엔에이아이 의무보유 해제 (93,900 주, 1%)",예탁결제원(PDF)
2026-07-06,보호예수 해제,"[보호예수] 이노시뮬레이션 의무보유 해제 (2,030,580 주, 22%)",예탁결제원(PDF)
2026-07-06,경제 일반,[성호전자] 기타경영사항(자율공시 (자기사채(제13회차 전환사채 소각 공시접수,DART
2026-07-06,경제 일반,[센서뷰] 유상증자1차발행가액 공시접수,DART
2026-07-06,경제 일반,[세니젠] 증권발행결과(자율공시 (제3자배정 유상증자 공시접수,DART
2026-07-06,정부정책,[금융위] 「포용금융 전략 추진단」 감독총괄분과 첫 회의,금융위 RSS
2026-07-06,경제 일반,[에스에너지] 주식소각 공시접수,DART
2026-07-06,정부정책,[금융위] 홈플러스 금융권 대응 점검회의,금융위 RSS
2026-07-06,경제 일반,[엔비티] 영업실적등에대한전망(공정공시 공시접수,DART
2026-07-06,배당/권리락,[권리락] [클로봇] 유상증자 권리락 (정정),DART
2026-07-06,거시 일정,[발표예정] SONIA Interest Rate Benchmark,FRED API
2026-07-06,경제 일반,[센서뷰] 권리락 (유상증자 공시접수,DART
2026-07-06,경제 일반,[대한항공] 정정신고서제출요구( 2026.06.25. 제출 증권신고서(합병 공시접수,DART
2026-07-06,거시 일정,[발표예정] Key ECB Interest Rates,FRED API
2026-07-06,정부정책,[금융위] 「포용금융 전략 추진단」 감독총괄분과 첫 회의 개최,금융위 RSS
2026-07-06,경제 일반,[아시아나항공] 정정명령부과( 2026.06.26. 제출 회사합병 공시접수,DART
2026-07-06,경제 일반,[청담글로벌] 주식소각 공시접수,DART
2026-07-06,경제 일반,[제이에스코퍼레이션] 유상증자또는주식관련사채등의발행결과(자율공시 공시접수,DART
2026-07-06,경제 일반,[삼성에스디에스] 결산실적공시예고(안내공시 공시접수,DART
2026-07-06,경제 일반,[메이슨캐피탈] 주권매매거래정지해제 (감자 및 액면병합 주권 변경상장 공시접수,DART
2026-07-06,거시 일정,[발표예정] Risk-On Risk-Off Index,FRED API
2026-07-06,거시 일정,[발표예정] Federal Funds Data,FRED API
2026-07-06,거시 지표,[매크로] 🇺🇸 미국 10년물 국채 금리 : 4.48% (발표일: 2026-07-01),FRED API
2026-07-06,거시 일정,[발표예정] International Financial Statistics,FRED API
2026-07-06,거시 일정,[발표예정] Euro Short Term Rate,FRED API
2026-07-06,경제 일반,[남성] 매매거래정지및정지해제(중요내용공시 공시접수,DART
2026-07-06,경제 일반,[HD현대일렉트릭] 연결재무제표기준영업실적등에대한전망(공정공시 공시접수 (정정),DART
2026-07-06,거시 일정,[발표예정] Overnight Bank Funding Rate Data,FRED API
2026-07-06,경제 일반,"[플루토스] 주권매매거래정지 (주식의 병합, 분할 등 전자등록 변경, 말소 공시접수",DART
2026-07-06,거시 지표,[매크로] 🛒 미국 소비자물가지수(CPI) : 333.979% (발표일: 2026-05-01),FRED API
2026-07-06,거시 일정,[발표예정] Historical Overnight AMERIBOR Unsecured Interest Rate,FRED API
2026-07-06,거시 지표,[매크로] 💼 미국 실업률 : 4.2% (발표일: 2026-06-01),FRED API
2026-07-06,경제 일반,[SK하이닉스] 유상증자 공시접수 (정정),DART
2026-07-06,거시 일정,[발표예정] Nikkei Indexes,FRED API
2026-07-06,신규상장,[신규상장] 레몬헬스케어,38커뮤니케이션
2026-07-06,거시 일정,[발표예정] FOMC Press Release,FRED API
2026-07-06,거시 지표,[매크로] 🇺🇸 미국 실효연방기금금리 (기준금리) : 3.63% (발표일: 2026-07-01),FRED API
2026-07-06,거시 일정,[발표예정] Economic Policy Uncertainty,FRED API
2026-07-07,경제 일반,[스튜디오드래곤] 합병등종료보고서(합병 공시접수,DART
2026-07-07,경제 일반,[CSA 코스믹] 유상증자 신주상장예정일 (정정),DART
2026-07-07,경제 일반,[부스타] 주권매매거래정지 (무상증자 공시접수,DART
2026-07-07,경제 일반,[와이즈넛] 주식소각 공시접수,DART
2026-07-07,배당/권리락,[권리락] [센서뷰] 유상증자 권리락 (정정),DART
2026-07-07,경제 일반,[삼성전자] 연결재무제표기준영업(잠정실적(공정공시 공시접수,DART
2026-07-07,보호예수 해제,"[보호예수] 청보 의무보유 해제 (1,000,000 주, 2%)",예탁결제원(PDF)
2026-07-07,경제 일반,[IBKS제23호스팩] 기타시장안내 (주권 상장폐지 우려 예고 공시접수,DART
2026-07-07,경제 일반,[대동금속] 주식소각 공시접수,DART
2026-07-07,거시 지표,[매크로] 🇺🇸 미국 실효연방기금금리 (기준금리) : 3.63% (발표일: 2026-07-03),FRED API
2026-07-07,오버행(잠재매도),[잠재매도] 캐리 CB/BW 전환청구 가능 (1년 전 발행),DART(과거검색)
2026-07-07,거시 일정,[발표예정] Euro Short Term Rate,FRED API
2026-07-07,경제 일반,"[위지윅스튜디오] 주권매매거래정지 (주식의 병합, 분할 등 전자등록 변경, 말소 공시접수",DART
2026-07-07,경제 일반,[대호에이엘] 기타시장안내 (상장폐지 이의신청서 제출 공시접수,DART
2026-07-07,경제 일반,[LG에너지솔루션] 연결재무제표기준영업(잠정실적(공정공시 공시접수,DART
2026-07-07,경제 일반,[현대건설] 유상증자또는주식관련사채등의발행결과(자율공시 공시접수,DART
2026-07-07,거시 지표,[매크로] 🛒 미국 소비자물가지수(CPI) : 333.979% (발표일: 2026-05-01),FRED API
2026-07-07,경제 일반,[SUN&L] 주식소각 공시접수,DART
2026-07-07,경제 일반,[클로봇] 유상증자 신주배정기준일 (정정),DART
2026-07-07,경제 일반,"[청보] 주권매매거래정지 (주식의 병합, 분할 등 전자등록 변경, 말소 공시접수",DART
2026-07-07,경제 일반,[LG전자] 연결재무제표기준영업(잠정실적(공정공시 공시접수,DART
2026-07-07,거시 지표,[매크로] 💼 미국 실업률 : 4.2% (발표일: 2026-06-01),FRED API
2026-07-07,경제 일반,"[루트K] 주권매매거래정지 (주식의 병합, 분할 등 전자등록 변경, 말소 공시접수",DART
2026-07-07,거시 일정,[발표예정] SONIA Interest Rate Benchmark,FRED API
2026-07-07,경제 일반,[오에스피] 증권발행결과(자율공시 (제3자배정 유상증자 공시접수,DART
2026-07-07,경제 일반,[형지I&C] 유상증자최종발행가액확정 공시접수,DART
2026-07-07,거시 지표,[매크로] 🇺🇸 미국 10년물 국채 금리 : 4.49% (발표일: 2026-07-02),FRED API
2026-07-08,경제 일반,[미원상사] 주식소각 공시접수,DART
2026-07-08,보호예수 해제,"[보호예수] 피스피스스튜디오 의무보유 해제 (634,312 주, 4%)",예탁결제원(PDF)
2026-07-08,경제 일반,[씨씨에스] 주권매매거래정지기간변경 (개선기간 부여 공시접수,DART
2026-07-08,경제 일반,"[웨이버스] 주권매매거래정지 (주식의 병합, 분할 등 전자등록 변경, 말소 공시접수",DART
2026-07-08,경제 일반,[비씨엔씨] 합병등종료보고서(합병 공시접수,DART
2026-07-08,경제 일반,[크래프톤] 결산실적공시예고(안내공시 공시접수,DART
2026-07-08,경제 일반,[노머스] 주식소각 공시접수,DART
2026-07-08,경제 일반,[센서뷰] 유상증자 신주배정기준일 (정정),DART
2026-07-08,경제 일반,[제이엠아이] 연결재무제표기준영업실적등에대한전망(공정공시 공시접수,DART
2026-07-08,경제 일반,[파커스] 주식소각 공시접수,DART
2026-07-08,거시 일정,[발표예정] Euro Short Term Rate,FRED API
2026-07-08,경제 일반,[유니드] 결산실적공시예고(안내공시 공시접수,DART
2026-07-08,거시 일정,[발표예정] SONIA Interest Rate Benchmark,FRED API
2026-07-08,경제 일반,[엔젠바이오] 주권매매거래정지해제 (감자 주권 변경상장 공시접수,DART
2026-07-08,경제 일반,[에스아이리소스] 불성실공시법인지정예고 (공시불이행 공시접수 (정정),DART
2026-07-08,거시 지표,[매크로] 🇺🇸 미국 실효연방기금금리 (기준금리) : 3.63% (발표일: 2026-07-06),FRED API
2026-07-08,거시 지표,[매크로] 🇺🇸 미국 10년물 국채 금리 : 4.48% (발표일: 2026-07-06),FRED API
2026-07-08,경제 일반,"[CSA 코스믹] 주권매매거래정지 (주식의 병합, 분할 등 전자등록 변경, 말소 공시접수",DART
2026-07-08,거시 지표,[매크로] 🛒 미국 소비자물가지수(CPI) : 333.979% (발표일: 2026-05-01),FRED API
2026-07-08,경제 일반,[카카오게임즈] 주식소각 공시접수,DART
2026-07-08,거시 지표,[매크로] 💼 미국 실업률 : 4.2% (발표일: 2026-06-01),FRED API
2026-07-08,경제 일반,[한진] 연결재무제표기준영업(잠정실적(공정공시 공시접수,DART
2026-07-08,경제 일반,"[비큐AI] 주권매매거래정지 (주식의 병합, 분할 등 전자등록 변경, 말소 공시접수",DART
2026-07-08,경제 일반,[티엘비] 유상증자또는주식관련사채등의청약결과(자율공시 공시접수,DART
2026-07-08,경제 일반,[버킷스튜디오] 주권매매거래정지기간변경 (상장폐지 사유 발생 공시접수,DART
2026-07-09,보호예수 해제,"[보호예수] 앱토크롬 의무보유 해제 (1,000,000 주, 7%)",예탁결제원(PDF)
2026-07-09,경제 일반,[비츠로셀] 연결재무제표기준영업(잠정실적(공정공시 공시접수,DART
2026-07-09,경제 일반,[씨엑스아이] 증권발행결과(자율공시 (제3자배정 유상증자 공시접수,DART
2026-07-09,거시 일정,[발표예정] Economic Policy Uncertainty,FRED API
2026-07-09,거시 지표,[매크로] 💼 미국 실업률 : 4.2% (발표일: 2026-06-01),FRED API
2026-07-09,거시 지표,[매크로] 🇺🇸 미국 10년물 국채 금리 : 4.55% (발표일: 2026-07-07),FRED API
2026-07-09,거시 일정,[발표예정] SONIA Interest Rate Benchmark,FRED API
2026-07-09,거시 일정,[발표예정] Federal Funds Data,FRED API
2026-07-09,경제 일반,[한솔테크닉스] 유상증자신주발행가액(안내공시 공시접수,DART
2026-07-09,거시 일정,[발표예정] FOMC Press Release,FRED API
2026-07-09,거시 일정,[발표예정] Overnight Bank Funding Rate Data,FRED API
2026-07-09,경제 일반,[삼성전기] 결산실적공시예고(안내공시 공시접수,DART
2026-07-09,거시 일정,[발표예정] Nikkei Indexes,FRED API
2026-07-09,경제 일반,[광주신세계] 영업(잠정실적(공정공시 공시접수,DART
2026-07-09,거시 일정,[발표예정] Euro Short Term Rate,FRED API
2026-07-09,거시 일정,[발표예정] Historical Overnight AMERIBOR Unsecured Interest Rate,FRED API
2026-07-09,경제 일반,[삼성바이오로직스] 결산실적공시예고(안내공시 공시접수,DART
2026-07-09,거시 일정,[발표예정] Bankrate Monitor (BRM) National Index,FRED API
2026-07-09,경제 일반,[휴맥스홀딩스] 정정명령부과( 2026.07.01. 제출 회사합병 공시접수,DART
2026-07-09,경제 일반,[소노스퀘어] 주권매매거래정지해제 (감자 주권 변경상장 공시접수,DART
2026-07-09,거시 일정,[발표예정] Existing Home Sales,FRED API
2026-07-09,오버행(잠재매도),[잠재매도] 엑스플러스 CB/BW 전환청구 가능 (1년 전 발행),DART(과거검색)
2026-07-09,경제 일반,[미래산업] 합병등종료보고서(자산양수도 공시접수,DART
2026-07-09,경제 일반,[신세계] 영업(잠정실적(공정공시 공시접수,DART
2026-07-09,파생만기,[파생만기] 2026년 7월 옵션 만기일,정적계산
2026-07-09,경제 일반,[샤페론] 불성실공시법인지정예고 (공시불이행 공시접수,DART
2026-07-09,경제 일반,[주성코퍼레이션] 매매거래정지및정지해제(중요내용공시 공시접수,DART
2026-07-09,경제 일반,[오리온] 연결재무제표기준영업(잠정실적(공정공시 공시접수,DART
2026-07-09,경제 일반,[한울앤제주] 증권발행결과(자율공시 (제3자배정 유상증자 공시접수,DART
2026-07-09,경제 일반,[젠큐릭스] [첨부정정]회사합병 공시접수,DART
2026-07-09,경제 일반,[휴맥스] 정정신고서제출요구( 2026.07.01. 제출 증권신고서(합병 공시접수,DART
2026-07-09,경제 일반,[씨유메디칼] 기타경영사항(자율공시 (제 11회차 무기명식 이권부 무보증 전환사채 소각 의 건 공시접수,DART
2026-07-09,거시 일정,[발표예정] Key ECB Interest Rates,FRED API
2026-07-09,경제 일반,[이마트] 영업(잠정실적(공정공시 공시접수,DART
2026-07-09,경제 일반,[한탑] 주권매매거래정지해제 (액면병합 주권 변경상장 공시접수,DART
2026-07-09,거시 지표,[매크로] 🛒 미국 소비자물가지수(CPI) : 333.979% (발표일: 2026-05-01),FRED API
2026-07-09,경제 일반,[스튜디오드래곤] 결산실적공시예고 공시접수,DART
2026-07-09,거시 지표,[매크로] 🇺🇸 미국 실효연방기금금리 (기준금리) : 3.63% (발표일: 2026-07-07),FRED API
2026-07-09,경제 일반,[한국가스공사] 영업(잠정실적(공정공시 공시접수,DART
2026-07-10,경제 일반,[인산가] 주권매매거래정지해제 (액면병합 주권 변경상장 공시접수,DART
2026-07-10,경제 일반,[세나테크놀로지] 연결재무제표기준영업(잠정실적(공정공시 공시접수,DART
2026-07-10,경제 일반,[NHN] [첨부정정]회사합병 공시접수,DART
2026-07-10,거시 일정,[발표예정] Secured Overnight Financing Rate Data,FRED API
2026-07-10,경제 일반,[두산밥캣] 결산실적공시예고(안내공시 공시접수,DART
2026-07-10,거시 일정,[발표예정] Key ECB Interest Rates,FRED API
2026-07-10,경제 일반,[하나30호스팩] 기타시장안내 (주권 상장폐지 우려 예고 공시접수,DART
2026-07-10,거시 일정,[발표예정] Euro Short Term Rate,FRED API
2026-07-10,오버행(잠재매도),[잠재매도] 다원시스 CB/BW 전환청구 가능 (1년 전 발행),DART(과거검색)
2026-07-10,보호예수 해제,"[보호예수] 세미티에스 의무보유 해제 (1,564,484 주, 5%)",예탁결제원(PDF)
2026-07-10,거시 지표,[매크로] 🇺🇸 미국 10년물 국채 금리 : 4.55% (발표일: 2026-07-07),FRED API
2026-07-10,경제 일반,[스타코링크] 기타시장안내 (상장폐지 등 효력정지 가처분 신청 기각에 따른 정리매매절차 재개 공시접수,DART
2026-07-10,거시 일정,[발표예정] Risk-On Risk-Off Index,FRED API
2026-07-10,거시 일정,[발표예정] Overnight Bank Funding Rate Data,FRED API
2026-07-10,경제 일반,[삼성에피스홀딩스] 결산실적공시예고(안내공시 공시접수,DART
2026-07-10,경제 일반,[현대로템] 결산실적공시예고(안내공시 공시접수,DART
2026-07-10,거시 일정,[발표예정] Federal Funds Data,FRED API
2026-07-10,거시 지표,[매크로] 💼 미국 실업률 : 4.2% (발표일: 2026-06-01),FRED API
2026-07-10,배당/권리락,[권리락] [한솔테크닉스] 유상증자 권리락 (정정),DART
2026-07-10,경제 일반,[RF머트리얼즈] 주권매매거래정지 (무상증자 공시접수,DART
2026-07-10,거시 지표,[매크로] 🇺🇸 미국 실효연방기금금리 (기준금리) : 3.63% (발표일: 2026-07-07),FRED API
2026-07-10,경제 일반,[동일기연] 주권매매거래정지해제 (액면분할 주권 변경상장 공시접수,DART
2026-07-10,경제 일반,[신한지주] 주식소각 공시접수 (정정),DART
2026-07-10,경제 일반,[딥커머스] 증권발행결과(자율공시 (제3자배정 유상증자 공시접수,DART
2026-07-10,경제 일반,[알에프텍] [첨부정정]증권신고서(합병 공시접수,DART
2026-07-10,경제 일반,[에코프로비엠] 결산실적공시예고 공시접수,DART
2026-07-10,거시 일정,[발표예정] Historical Overnight AMERIBOR Unsecured Interest Rate,FRED API
2026-07-10,거시 일정,[발표예정] Nikkei Indexes,FRED API
2026-07-10,경제 일반,[SK하이닉스] 유상증자 공시접수 (정정),DART
2026-07-10,경제 일반,[앤로보틱스] 주식소각 공시접수,DART
2026-07-10,경제 일반,[스타코링크] 주권매매거래정지해제 (상장폐지에 따른 정리매매 개시 공시접수,DART
2026-07-10,거시 일정,[발표예정] FOMC Press Release,FRED API
2026-07-10,거시 지표,[매크로] 🇺🇸 미국 실효연방기금금리 (기준금리) : 3.62% (발표일: 2026-07-08),FRED API
2026-07-10,경제 일반,[토비스] 회사분할 공시접수 (정정),DART
2026-07-10,경제 일반,[CJ ENM] 결산실적공시예고 공시접수,DART
2026-07-10,거시 지표,[매크로] 🛒 미국 소비자물가지수(CPI) : 333.979% (발표일: 2026-05-01),FRED API
2026-07-10,거시 일정,[발표예정] Economic Policy Uncertainty,FRED API
2026-07-10,거시 지표,[매크로] 🇺🇸 미국 10년물 국채 금리 : 4.56% (발표일: 2026-07-08),FRED API
2026-07-10,경제 일반,[디에이치엑스컴퍼니] 불성실공시법인지정예고 (공시번복 공시접수,DART
2026-07-11,보호예수 해제,"[보호예수] 코스모로보틱스 의무보유 해제 (3,210,890 주, 10%)",예탁결제원(PDF)
2026-07-11,보호예수 해제,"[보호예수] 메타케어 의무보유 해제 (700,000 주, 3%)",예탁결제원(PDF)
2026-07-11,거시 지표,[매크로] 💼 미국 실업률 : 4.2% (발표일: 2026-06-01),FRED API
2026-07-11,거시 지표,[매크로] 🛒 미국 소비자물가지수(CPI) : 333.979% (발표일: 2026-05-01),FRED API
2026-07-11,거시 지표,[매크로] 🇺🇸 미국 10년물 국채 금리 : 4.54% (발표일: 2026-07-09),FRED API
2026-07-11,오버행(잠재매도),[잠재매도] 에너토크 CB/BW 전환청구 가능 (1년 전 발행),DART(과거검색)
2026-07-11,정부정책,[복지부] 2026년 생명존중 캠페인,복지부 RSS
2026-07-11,오버행(잠재매도),[잠재매도] 유니트론텍 CB/BW 전환청구 가능 (1년 전 발행),DART(과거검색)
2026-07-11,거시 지표,[매크로] 🇺🇸 미국 실효연방기금금리 (기준금리) : 3.62% (발표일: 2026-07-09),FRED API
2026-07-11,오버행(잠재매도),[잠재매도] 롤링스톤 CB/BW 전환청구 가능 (1년 전 발행),DART(과거검색)
2026-07-11,거시 일정,[발표예정] FOMC Press Release,FRED API
2026-07-12,거시 지표,[매크로] 🇺🇸 미국 10년물 국채 금리 : 4.54% (발표일: 2026-07-09),FRED API
2026-07-12,거시 지표,[매크로] 🛒 미국 소비자물가지수(CPI) : 333.979% (발표일: 2026-05-01),FRED API
2026-07-12,거시 일정,[발표예정] FOMC Press Release,FRED API
2026-07-12,거시 지표,[매크로] 🇺🇸 미국 실효연방기금금리 (기준금리) : 3.62% (발표일: 2026-07-09),FRED API
2026-07-12,거시 지표,[매크로] 💼 미국 실업률 : 4.2% (발표일: 2026-06-01),FRED API
2026-07-13,경제 일반,[케스피온] 합병등종료보고서(합병 공시접수,DART
2026-07-13,거시 지표,[매크로] 🇺🇸 미국 10년물 국채 금리 : 4.54% (발표일: 2026-07-09),FRED API
2026-07-13,경제 일반,[오에스피] 증권발행결과(자율공시 (제3자배정 유상증자 공시접수,DART
2026-07-13,경제 일반,[한화에어로스페이스] 결산실적공시예고(안내공시 공시접수,DART
2026-07-13,경제 일반,[에코프로에이치엔] 결산실적공시예고 공시접수,DART
2026-07-13,경제 일반,[수출입] 관세청 10일 단위 수출입 동향 발표(예정)일,관세청
2026-07-13,경제 일반,[이브이첨단소재] 주권매매거래정지 (자본감소 공시접수,DART
2026-07-13,경제 일반,[서울바이오시스] 연결재무제표기준영업(잠정실적(공정공시 공시접수,DART
2026-07-13,거시 일정,[발표예정] International Financial Statistics,FRED API
2026-07-13,공모청약,[공모청약] 에이치엘지노믹스,38커뮤니케이션
2026-07-13,경제 일반,[티엘비] 유상증자또는주식관련사채등의청약결과(자율공시 공시접수,DART
2026-07-13,경제 일반,"[한국첨단소재] 주권매매거래정지 (주식의 병합, 분할 등 전자등록 변경, 말소 공시접수",DART
2026-07-13,경제 일반,[한화오션] 결산실적공시예고(안내공시 공시접수,DART
2026-07-13,경제 일반,[형지I&C] 유상증자또는주식관련사채등의청약결과(자율공시 공시접수,DART
2026-07-13,경제 일반,[수성웹툰] 유상증자 공시접수 (정정),DART
2026-07-13,경제 일반,[아시아나항공] 회사합병 신주상장예정일 (정정),DART
2026-07-13,경제 일반,[아이큐어] 기타시장안내 (개선기간 종료에 따른 상장폐지 여부 안내 공시접수,DART
2026-07-13,경제 일반,[그래피] 유상증자 공시접수,DART
2026-07-13,경제 일반,[대한항공] 영업(잠정실적(공정공시 공시접수,DART
2026-07-13,거시 일정,[발표예정] Euro Short Term Rate,FRED API
2026-07-13,경제 일반,[대한항공] 증권신고서(합병 공시접수 (정정),DART
2026-07-13,경제 일반,[한온시스템] 결산실적공시예고(안내공시 공시접수,DART
2026-07-13,경제 일반,[에코프로] 결산실적공시예고 공시접수,DART
2026-07-13,경제 일반,[에코프로머티] 결산실적공시예고(안내공시 공시접수,DART
2026-07-13,거시 지표,[매크로] 💼 미국 실업률 : 4.2% (발표일: 2026-06-01),FRED API
2026-07-13,거시 일정,[발표예정] Key ECB Interest Rates,FRED API
2026-07-13,거시 일정,[발표예정] Nikkei Indexes,FRED API
2026-07-13,경제 일반,[모비데이즈] 연결재무제표기준영업(잠정실적(공정공시 공시접수,DART
2026-07-13,경제 일반,[테크윙] 연결재무제표기준영업(잠정실적(공정공시 공시접수,DART
2026-07-13,경제 일반,[코오롱인더] 합병등종료보고서(주식의포괄적교환ㆍ이전 공시접수,DART
2026-07-13,거시 지표,[매크로] 🛒 미국 소비자물가지수(CPI) : 333.979% (발표일: 2026-05-01),FRED API
2026-07-13,거시 일정,[발표예정] Federal Funds Data,FRED API
2026-07-13,경제 일반,[현대건설] 결산실적공시예고(안내공시 공시접수,DART
2026-07-13,거시 일정,[발표예정] Overnight Bank Funding Rate Data,FRED API
2026-07-13,경제 일반,[한솔테크닉스] 유상증자 신주배정기준일 (정정),DART
2026-07-13,거시 일정,[발표예정] Historical Overnight AMERIBOR Unsecured Interest Rate,FRED API
2026-07-13,거시 지표,[매크로] 🇺🇸 미국 실효연방기금금리 (기준금리) : 3.62% (발표일: 2026-07-09),FRED API
2026-07-13,거시 일정,[발표예정] Risk-On Risk-Off Index,FRED API
2026-07-13,경제 일반,[서울반도체] 연결재무제표기준영업(잠정실적(공정공시 공시접수,DART
2026-07-13,거시 일정,[발표예정] FOMC Press Release,FRED API
2026-07-13,거시 일정,[발표예정] Economic Policy Uncertainty,FRED API
2026-07-13,신규상장,[신규상장] 레메디,38커뮤니케이션
2026-07-13,경제 일반,[이화공영] 주권매매거래정지기간변경 (개선기간 부여 공시접수,DART
2026-07-13,경제 일반,[케이비증권] 유상증자 신주배정기준일,DART
2026-07-13,경제 일반,[유진테크놀로지] 주권매매거래정지 (무상증자 공시접수,DART
2026-07-13,경제 일반,[동원금속] 불성실공시법인지정 공시접수,DART
2026-07-13,경제 일반,[카스] 주식소각 공시접수,DART
2026-07-14,거시 일정,[발표예정] Nikkei Indexes,FRED API
2026-07-14,경제 일반,[큐리오시스] 권리락 (무상증자 공시접수,DART
2026-07-14,보호예수 해제,"[보호예수] 엔젠바이오 의무보유 해제 (4,685,778 주, 17%)",예탁결제원(PDF)
2026-07-14,경제 일반,[퓨쳐켐] 유상증자1차발행가액 공시접수,DART
2026-07-14,거시 지표,[매크로] 🛒 미국 소비자물가지수(CPI) : 333.979% (발표일: 2026-05-01),FRED API
2026-07-14,거시 지표,[매크로] 💼 미국 실업률 : 4.2% (발표일: 2026-06-01),FRED API
2026-07-14,경제 일반,[IBKS제23호스팩] 주권매매거래정지 (상장폐지 사유발생 공시접수,DART
2026-07-14,보호예수 해제,"[보호예수] 에스케이위탁관리부동산투자회사 의무보유 해제 (10,430,102 주, 3%)",예탁결제원(PDF)
2026-07-14,경제 일반,[파마리서치] 결산실적공시예고 공시접수,DART
2026-07-14,정부정책,[금융위] 금융위원회 관계부처 합동 ‘경제적 위기자 자살예방대책’ 국무회의 보고,금융위 RSS
2026-07-14,거시 일정,[발표예정] Overnight Bank Funding Rate Data,FRED API
2026-07-14,경제 일반,[티앤알바이오팹] 연결재무제표기준영업(잠정실적(공정공시 공시접수,DART
2026-07-14,오버행(잠재매도),[잠재매도] 더테크놀로지 CB/BW 전환청구 가능 (1년 전 발행),DART(과거검색)
2026-07-14,보호예수 해제,"[보호예수] 엔비알모션 의무보유 해제 (1,883,082 주, 17%)",예탁결제원(PDF)
2026-07-14,경제 일반,"[프롬바이오] 주권매매거래정지 (주식의 병합, 분할 등 전자등록 변경, 말소 공시접수",DART
2026-07-14,오버행(잠재매도),[잠재매도] 비트맥스 CB/BW 전환청구 가능 (1년 전 발행),DART(과거검색)
2026-07-14,거시 일정,[발표예정] Consumer Price Index,FRED API
2026-07-14,거시 일정,[발표예정] Federal Funds Data,FRED API
2026-07-14,경제 일반,[로젠] [첨부정정]증권신고서(합병 공시접수,DART
2026-07-14,거시 일정,[발표예정] Average Price Data,FRED API
2026-07-14,거시 지표,[매크로] 🇺🇸 미국 10년물 국채 금리 : 4.56% (발표일: 2026-07-10),FRED API
2026-07-14,경제 일반,[뉴온] 증권발행결과(자율공시 (제3자배정 유상증자 공시접수,DART
2026-07-14,경제 일반,[한미약품] 결산실적공시예고(안내공시 공시접수,DART
2026-07-14,경제 일반,[캠시스] 연결재무제표기준영업(잠정실적(공정공시 공시접수,DART
2026-07-14,경제 일반,[이렘] 주권매매거래정지해제 (감자 주권 변경상장 공시접수,DART
2026-07-14,경제 일반,[메카로] 연결재무제표기준영업(잠정실적(공정공시 공시접수,DART
2026-07-14,경제 일반,[엑시온그룹] 증권발행결과(자율공시 (제3자배정 유상증자 공시접수,DART
2026-07-14,거시 일정,[발표예정] Key ECB Interest Rates,FRED API
2026-07-14,경제 일반,[한미사이언스] 결산실적공시예고(안내공시 공시접수,DART
2026-07-14,경제 일반,[퓨쳐켐] 권리락 (유상증자 공시접수,DART
2026-07-14,경제 일반,"[지엘팜텍] 주권매매거래정지 (주식의 병합, 분할 등 전자등록 변경, 말소 공시접수",DART
2026-07-14,경제 일반,[아시아나항공] [첨부정정]회사합병 공시접수,DART
2026-07-14,경제 일반,[소프트캠프] 연결재무제표기준영업(잠정실적(공정공시 공시접수,DART
2026-07-14,경제 일반,[삼부토건] 유상증자또는주식관련사채등의발행결과(자율공시 공시접수,DART
2026-07-14,경제 일반,[한미반도체] 연결재무제표기준영업(잠정실적(공정공시 공시접수,DART
2026-07-14,경제 일반,[하나금융지주] 주식소각 공시접수 (정정),DART
2026-07-14,거시 일정,[발표예정] Euro Short Term Rate,FRED API
2026-07-14,경제 일반,[에이루트] 유상증자 공시접수 (정정),DART
2026-07-14,거시 지표,[매크로] 🇺🇸 미국 실효연방기금금리 (기준금리) : 3.62% (발표일: 2026-07-10),FRED API
2026-07-14,거시 일정,[발표예정] Economic Policy Uncertainty,FRED API
2026-07-14,경제 일반,[한울앤제주] 주식분할 공시접수 (정정),DART
2026-07-14,거시 지표,[매크로] 🛒 미국 소비자물가지수(CPI) : 332.568% (발표일: 2026-06-01),FRED API
2026-07-14,정부정책,[금융위] 경제적 위기자 자살예방대책 국무회의 보고,금융위 RSS
2026-07-14,경제 일반,"[블리츠웨이엔터테인먼트] 주권매매거래정지 (주식의 병합, 분할 등 전자등록 변경, 말소 공시접수",DART
2026-07-14,거시 일정,[발표예정] Gasoline and Diesel Fuel Update,FRED API
2026-07-14,거시 일정,[발표예정] FOMC Press Release,FRED API
2026-07-15,거시 일정,[발표예정] Nikkei Indexes,FRED API
2026-07-15,경제 일반,[한솔테크닉스] 유상증자또는주식관련사채등의청약결과(자율공시 공시접수,DART
2026-07-15,경제 일반,[동성제약] 불성실공시법인지정 공시접수,DART
2026-07-15,경제 일반,[HDC랩스] 결산실적공시예고(안내공시 공시접수,DART
2026-07-15,경제 일반,[케이뱅크] 결산실적공시예고(안내공시 공시접수,DART
2026-07-15,경제 일반,[참엔지니어링] 기타시장안내 (상장공시위원회 개최 결과 및 상장폐지 공시접수,DART
2026-07-15,경제 일반,[NICE평가정보] 주식소각 공시접수,DART
2026-07-15,거시 일정,[발표예정] Economic Policy Uncertainty,FRED API
2026-07-15,거시 지표,[매크로] 💼 미국 실업률 : 4.2% (발표일: 2026-06-01),FRED API
2026-07-15,경제 일반,[대동기어] 유상증자최종발행가액확정 공시접수,DART
2026-07-15,경제 일반,[에스제이그룹] 주식소각 공시접수,DART
2026-07-15,경제 일반,"[엣지파운드리] 주권매매거래정지 (주식의 병합, 분할 등 전자등록 변경, 말소 공시접수",DART
2026-07-15,경제 일반,[제일기획] 결산실적공시예고(안내공시 공시접수,DART
2026-07-15,경제 일반,[남양유업] 주식소각 공시접수,DART
2026-07-15,거시 일정,[발표예정] Euro Short Term Rate,FRED API
2026-07-15,경제 일반,"[디에이치엑스컴퍼니] 주권매매거래정지기간변경 (주식의 병합, 분할 등 전자등록 변경, 말소 공시접수",DART
2026-07-15,경제 일반,[딥커머스] 유상증자 공시접수 (정정),DART
2026-07-15,경제 일반,[에스트래픽] 회사합병 합병기일,DART
2026-07-15,정부정책,[금융위] 부실정리계획 승인,금융위 RSS
2026-07-15,거시 일정,[발표예정] Federal Funds Data,FRED API
2026-07-15,거시 지표,[매크로] 🛒 미국 소비자물가지수(CPI) : 332.568% (발표일: 2026-06-01),FRED API
2026-07-15,거시 일정,[발표예정] Chicago Fed National Financial Conditions Index,FRED API
2026-07-15,경제 일반,[올릭스] 유상증자 신주상장예정일 (정정),DART
2026-07-15,경제 일반,[두산로보틱스] 결산실적공시예고(안내공시 공시접수,DART
2026-07-15,오버행(잠재매도),[잠재매도] 롤링스톤 CB/BW 전환청구 가능 (1년 전 발행),DART(과거검색)
2026-07-15,경제 일반,[티엘비] 권리락 (무상증자 공시접수,DART
2026-07-15,경제 일반,[진원생명과학] 매매거래정지및정지해제(풍문등조회공시 공시접수,DART
2026-07-15,오버행(잠재매도),[잠재매도] 플레이그램 CB/BW 전환청구 가능 (1년 전 발행),DART(과거검색)
2026-07-15,거시 일정,[발표예정] Historical Overnight AMERIBOR Unsecured Interest Rate,FRED API
2026-07-15,경제 일반,[제이에스링크] 유상증자 공시접수 (정정),DART
2026-07-15,경제 일반,[제주은행] 결산실적공시예고(안내공시 공시접수,DART
2026-07-15,배당/권리락,[권리락] [큐리오시스] 무상증자 권리락,DART
2026-07-15,경제 일반,[SK하이닉스] 유상증자또는주식관련사채등의발행결과(자율공시 공시접수,DART
2026-07-15,경제 일반,[케이지에이] 유상증자최종발행가액확정 (제3자배정-소액공모 공시접수 (정정),DART
2026-07-15,거시 지표,[매크로] 🇺🇸 미국 실효연방기금금리 (기준금리) : 3.62% (발표일: 2026-07-13),FRED API
2026-07-15,경제 일반,[비비안] 매매거래정지및정지해제(중요내용공시 공시접수,DART
2026-07-15,경제 일반,[비트맥스] 유상증자 신주상장예정일 (정정),DART
2026-07-15,경제 일반,[두산] 결산실적공시예고(안내공시 공시접수,DART
2026-07-15,경제 일반,[LX세미콘] 결산실적공시예고(안내공시 공시접수,DART
2026-07-15,경제 일반,[이노에이엑스] 합병등종료보고서(자산양수도 공시접수,DART
2026-07-15,거시 일정,[발표예정] Key ECB Interest Rates,FRED API
2026-07-15,거시 일정,[발표예정] Empire State Manufacturing Survey,FRED API
2026-07-15,거시 일정,[발표예정] Overnight Bank Funding Rate Data,FRED API
2026-07-15,경제 일반,[인베니아] 불성실공시법인지정예고 (공시불이행 공시접수,DART
2026-07-15,경제 일반,[프로티아] 영업(잠정실적(공정공시 공시접수,DART
2026-07-15,경제 일반,[앱튼] 증권발행결과(자율공시 (제3자배정 유상증자 공시접수,DART
2026-07-15,경제 일반,[LG씨엔에스] 결산실적공시예고(안내공시 공시접수,DART
2026-07-15,경제 일반,[에스아이리소스] 주권매매거래정지해제 (풍문 등 조회결과 공시 공시접수,DART
2026-07-15,경제 일반,[CSA 코스믹] 유상증자 공시접수 (정정),DART
2026-07-15,경제 일반,[LG생활건강] 결산실적공시예고(안내공시 공시접수,DART
2026-07-15,경제 일반,[대륙제관] 불성실공시법인지정예고 (공시불이행 공시접수,DART
2026-07-15,거시 일정,[발표예정] FOMC Press Release,FRED API
2026-07-15,거시 지표,[매크로] 🇺🇸 미국 10년물 국채 금리 : 4.62% (발표일: 2026-07-13),FRED API
2026-07-16,경제 일반,[위메이드] 결산실적공시예고 공시접수,DART
2026-07-16,경제 일반,[삼영무역] 회사합병 공시접수,DART
2026-07-16,경제 일반,[삼성물산] 결산실적공시예고(안내공시 공시접수,DART
2026-07-16,경제 일반,[상지건설] 유상증자 신주배정기준일 (정정),DART
2026-07-16,경제 일반,[펄어비스] 결산실적공시예고 공시접수,DART
2026-07-16,경제 일반,[이상네트웍스] 불성실공시법인미지정 (지정유예 공시접수,DART
2026-07-16,경제 일반,[HD한국조선해양] 영업(잠정실적(공정공시 공시접수,DART
2026-07-16,경제 일반,[HD현대중공업] 영업(잠정실적(공정공시 공시접수,DART
2026-07-16,경제 일반,[피플바이오] 연결재무제표기준영업(잠정실적(공정공시 공시접수,DART
2026-07-16,경제 일반,[지슨] 주권매매거래정지해제 (액면병합 주권 변경상장 공시접수,DART
2026-07-16,경제 일반,[신세계푸드] 매매거래정지및정지해제(중요내용공시 공시접수,DART
2026-07-16,경제 일반,[KB금융] 주식소각 공시접수 (정정),DART
2026-07-16,경제 일반,[신세계푸드] 주식소각 공시접수,DART
2026-07-16,경제 일반,"[압타머사이언스] 주권매매거래정지 (주식의 병합, 분할 등 전자등록 변경, 말소 공시접수",DART
2026-07-16,보호예수 해제,"[보호예수] 대호에이엘 의무보유 해제 (1,853,567 주, 11%)",예탁결제원(PDF)
2026-07-16,경제 일반,[헝셩그룹] 주권매매거래정지 (주식병합 공시접수,DART
2026-07-16,경제 일반,"[엑사이엔씨] 주권매매거래정지 (주식의 병합, 분할 등 전자등록 변경, 말소 공시접수",DART
2026-07-16,거시 지표,[매크로] 🇺🇸 미국 10년물 국채 금리 : 4.58% (발표일: 2026-07-14),FRED API
2026-07-16,경제 일반,[알테오젠] 주권매매거래정지 (무상증자 공시접수,DART
2026-07-16,거시 일정,[발표예정] FOMC Press Release,FRED API
2026-07-16,거시 일정,[발표예정] Federal Funds Data,FRED API
2026-07-16,거시 일정,[발표예정] Euro Short Term Rate,FRED API
2026-07-16,거시 일정,[발표예정] Business Leaders Survey,FRED API
2026-07-16,경제 일반,[두산퓨얼셀] 결산실적공시예고(안내공시 공시접수,DART
2026-07-16,거시 일정,[발표예정] Economic Policy Uncertainty,FRED API
2026-07-16,거시 일정,[발표예정] Historical Overnight AMERIBOR Unsecured Interest Rate,FRED API
2026-07-16,경제 일반,[대덕전자] 결산실적공시예고(안내공시 공시접수,DART
2026-07-16,경제 일반,[한울반도체] 유상증자 공시접수 (정정),DART
2026-07-16,거시 지표,[매크로] 🇺🇸 미국 실효연방기금금리 (기준금리) : 3.63% (발표일: 2026-07-14),FRED API
2026-07-16,거시 일정,[발표예정] Advance Monthly Sales for Retail and Food Services,FRED API
2026-07-16,거시 지표,[매크로] 💼 미국 실업률 : 4.2% (발표일: 2026-06-01),FRED API
2026-07-16,경제 일반,[카카오] 결산실적공시예고(안내공시 공시접수,DART
2026-07-16,경제 일반,[형지I&C] 유상증자또는주식관련사채등의청약결과(자율공시 공시접수,DART
2026-07-16,거시 일정,[발표예정] Bankrate Monitor (BRM) National Index,FRED API
2026-07-16,거시 일정,[발표예정] Key ECB Interest Rates,FRED API
2026-07-16,거시 지표,[매크로] 🛒 미국 소비자물가지수(CPI) : 332.568% (발표일: 2026-06-01),FRED API
2026-07-16,오버행(잠재매도),[잠재매도] 아모센스 CB/BW 전환청구 가능 (1년 전 발행),DART(과거검색)
2026-07-16,거시 일정,[발표예정] Manufacturing and Trade Inventories and Sales,FRED API
2026-07-16,경제 일반,[상지건설] 유상증자 공시접수 (정정),DART
2026-07-16,경제 일반,[다보링크] 유상증자 공시접수 (정정),DART
2026-07-16,경제 일반,[리가켐바이오] 유상증자 공시접수 (정정),DART
2026-07-16,경제 일반,[비스토스] 기타경영사항(자율공시 (제2회 무기명식 이권부 무보증 전환사채 소각(말소 의 건 공시접수,DART
2026-07-16,경제 일반,[큐라티스] 주권매매거래정지해제 (감자 주권 변경상장 공시접수,DART
2026-07-16,경제 일반,[삼성E&A] 결산실적공시예고(안내공시 공시접수,DART
2026-07-16,경제 일반,[주연테크] 영업(잠정실적(공정공시 공시접수,DART
2026-07-16,경제 일반,[위메이드맥스] 결산실적공시예고 공시접수,DART
2026-07-16,경제 일반,[우성머티리얼스] 유상증자 공시접수,DART
2026-07-16,경제 일반,[큐리오시스] 무상증자 신주배정기준일,DART
2026-07-16,거시 일정,[발표예정] Zillow Home Value Index (ZHVI),FRED API
2026-07-16,경제 일반,[코미코] 주식분할 공시접수 (정정),DART
2026-07-16,경제 일반,"[아이윈] 주권매매거래정지 (주식의 병합, 분할 등 전자등록 변경, 말소 공시접수",DART
2026-07-16,경제 일반,[금호석유화학] 결산실적공시예고(안내공시 공시접수,DART
2026-07-17,오버행(잠재매도),[잠재매도] 우리기술 CB/BW 전환청구 가능 (1년 전 발행),DART(과거검색)
2026-07-17,거시 지표,[매크로] 🛒 미국 소비자물가지수(CPI) : 332.568% (발표일: 2026-06-01),FRED API
2026-07-17,거시 일정,[발표예정] Key ECB Interest Rates,FRED API
2026-07-17,거시 일정,[발표예정] Nikkei Indexes,FRED API
2026-07-17,거시 일정,[발표예정] New Residential Construction,FRED API
2026-07-17,거시 일정,[발표예정] Historical Overnight AMERIBOR Unsecured Interest Rate,FRED API
2026-07-17,거시 일정,[발표예정] Harmonized Indices of Consumer Prices (HICP),FRED API
2026-07-17,거시 일정,[발표예정] G.17 Industrial Production and Capacity Utilization,FRED API
2026-07-17,거시 일정,[발표예정] FOMC Press Release,FRED API
2026-07-17,거시 일정,[발표예정] Federal Funds Data,FRED API
2026-07-17,거시 일정,[발표예정] Euro Short Term Rate,FRED API
2026-07-17,거시 일정,[발표예정] Economic Policy Uncertainty,FRED API
2026-07-17,거시 지표,[매크로] 💼 미국 실업률 : 4.2% (발표일: 2026-06-01),FRED API
2026-07-17,오버행(잠재매도),[잠재매도] 에이팩트 CB/BW 전환청구 가능 (1년 전 발행),DART(과거검색)
2026-07-17,오버행(잠재매도),[잠재매도] 파인디앤씨 CB/BW 전환청구 가능 (1년 전 발행),DART(과거검색)
2026-07-17,거시 지표,[매크로] 🇺🇸 미국 실효연방기금금리 (기준금리) : 3.63% (발표일: 2026-07-15),FRED API
2026-07-17,배당/권리락,[권리락] [티엘비] 유무상증자 권리락 (정정),DART
2026-07-17,거시 지표,[매크로] 🇺🇸 미국 10년물 국채 금리 : 4.55% (발표일: 2026-07-15),FRED API
2026-07-18,오버행(잠재매도),[잠재매도] 모아데이타 CB/BW 전환청구 가능 (1년 전 발행),DART(과거검색)
2026-07-20,경제 일반,[오에스피] 유상증자 신주상장예정일 (정정),DART
2026-07-20,경제 일반,[티엘비] 유무상증자 신주배정기준일 (정정),DART
2026-07-20,경제 일반,[앤로보틱스] 유상증자 신주상장예정일 (정정),DART
2026-07-20,배당/권리락,[권리락] [이렘] 유상증자 권리락 (정정),DART
2026-07-21,배당/권리락,[권리락] [남성] 무상증자 권리락,DART
2026-07-21,배당/권리락,[권리락] [엣지파운드리] 유상증자 권리락 (정정),DART
2026-07-21,경제 일반,[이렘] 유상증자 신주배정기준일 (정정),DART
2026-07-21,배당/권리락,[권리락] [엔젠바이오] 유상증자 권리락 (정정),DART
2026-07-21,경제 일반,[토박스코리아] 유상증자 신주상장예정일,DART
2026-07-21,경제 일반,[수출입] 관세청 20일 단위 수출입 동향 발표(예정)일,관세청
2026-07-21,오버행(잠재매도),[잠재매도] 온코크로스 CB/BW 전환청구 가능 (1년 전 발행),DART(과거검색)
2026-07-21,오버행(잠재매도),[잠재매도] 깨끗한나라 CB/BW 전환청구 가능 (1년 전 발행),DART(과거검색)
2026-07-22,경제 일반,[엔젠바이오] 유상증자 신주배정기준일 (정정),DART
2026-07-22,배당/권리락,[권리락] [엔젠바이오] 유상증자 권리락 (정정),DART
2026-07-22,경제 일반,[남성] 무상증자 신주배정기준일,DART
2026-07-22,경제 일반,[엣지파운드리] 유상증자 신주배정기준일 (정정),DART
2026-07-22,배당/권리락,[권리락] [부스타] 무상증자 권리락,DART
2026-07-22,경제 일반,[한국유니온제약] 유상증자 신주상장예정일 (정정),DART
2026-07-23,오버행(잠재매도),[잠재매도] 엔투텍 CB/BW 전환청구 가능 (1년 전 발행),DART(과거검색)
2026-07-23,오버행(잠재매도),[잠재매도] 에이치브이엠 CB/BW 전환청구 가능 (1년 전 발행),DART(과거검색)
2026-07-23,실적발표,알파벳 실적발표,YFINANCE
2026-07-23,오버행(잠재매도),[잠재매도] 마이크로디지탈 CB/BW 전환청구 가능 (1년 전 발행),DART(과거검색)
2026-07-23,실적발표,테슬라 실적발표,YFINANCE
2026-07-23,배당/권리락,[권리락] [이렘] 유상증자 권리락 (정정),DART
2026-07-23,경제 일반,[부스타] 무상증자 신주배정기준일,DART
2026-07-23,공모청약,[공모청약] 인제니아테라퓨틱스,38커뮤니케이션
2026-07-23,경제 일반,[토박스코리아] 유상증자 신주상장예정일 (정정),DART
2026-07-23,경제 일반,[케이지에이] 유상증자 신주상장예정일 (정정),DART
2026-07-23,경제 일반,[엔젠바이오] 유상증자 신주배정기준일 (정정),DART
2026-07-24,경제 일반,[오에스피] 유상증자 신주상장예정일 (정정),DART
2026-07-24,경제 일반,[올릭스] 유상증자 신주상장예정일 (정정),DART
2026-07-24,배당/권리락,[권리락] [한울반도체] 유상증자 권리락 (정정),DART
2026-07-24,오버행(잠재매도),[잠재매도] SKAI CB/BW 전환청구 가능 (1년 전 발행),DART(과거검색)
2026-07-24,오버행(잠재매도),[잠재매도] 이녹스 CB/BW 전환청구 가능 (1년 전 발행),DART(과거검색)
2026-07-24,오버행(잠재매도),[잠재매도] CSA 코스믹 CB/BW 전환청구 가능 (1년 전 발행),DART(과거검색)
2026-07-24,배당/권리락,[권리락] [RF머트리얼즈] 무상증자 권리락,DART
2026-07-24,오버행(잠재매도),[잠재매도] 위지트 CB/BW 전환청구 가능 (1년 전 발행),DART(과거검색)
2026-07-24,신규상장,[신규상장] 에이치엘지노믹스,38커뮤니케이션
2026-07-24,경제 일반,[이렘] 유상증자 신주배정기준일 (정정),DART
2026-07-24,경제 일반,[경남제약] 유상증자 신주상장예정일 (정정),DART
2026-07-24,오버행(잠재매도),[잠재매도] 성호전자 CB/BW 전환청구 가능 (1년 전 발행),DART(과거검색)
2026-07-25,오버행(잠재매도),[잠재매도] 한국유니온제약 CB/BW 전환청구 가능 (1년 전 발행),DART(과거검색)
2026-07-25,오버행(잠재매도),[잠재매도] 에이비온 CB/BW 전환청구 가능 (1년 전 발행),DART(과거검색)
2026-07-27,경제 일반,[한울반도체] 유상증자 신주배정기준일 (정정),DART
2026-07-27,공모청약,[공모청약] 케이앤에스아이앤씨,38커뮤니케이션
2026-07-27,경제 일반,[RF머트리얼즈] 무상증자 신주배정기준일,DART
2026-07-27,경제 일반,[케이피엠테크] 유상증자 신주상장예정일 (정정),DART
2026-07-28,경제 일반,[형지글로벌] 유상증자 신주상장예정일,DART
2026-07-28,경제 일반,[뉴온] 유상증자 신주상장예정일,DART
2026-07-28,경제 일반,[푸드나무] 유상증자 신주상장예정일,DART
2026-07-28,오버행(잠재매도),[잠재매도] 성호전자 CB/BW 전환청구 가능 (1년 전 발행),DART(과거검색)
2026-07-28,경제 일반,[텔콘RF제약] 유상증자 신주상장예정일,DART
2026-07-28,경제 일반,[다보링크] 유상증자 신주상장예정일 (정정),DART
2026-07-28,경제 일반,[올릭스] 유상증자 신주상장예정일,DART
2026-07-29,실적발표,삼성전자 실적발표,YFINANCE
2026-07-29,국제 - 미국,미국 FOMC 금리결정 발표 ★,정적 캘린더
2026-07-29,오버행(잠재매도),[잠재매도] 흥국에프엔비 CB/BW 전환청구 가능 (1년 전 발행),DART(과거검색)
2026-07-29,경제 일반,[한양증권] 유상증자 신주상장예정일 (정정),DART
2026-07-29,경제 일반,[한국유니온제약] 유상증자 신주상장예정일 (정정),DART
2026-07-29,경제 일반,[세종텔레콤] 유상증자 신주상장예정일,DART
2026-07-29,배당/권리락,[권리락] [유진테크놀로지] 무상증자 권리락,DART
2026-07-30,경제 일반,[형지I&C] 유상증자 신주상장예정일 (정정),DART
2026-07-30,경제 일반,[유진테크놀로지] 무상증자 신주배정기준일,DART
2026-07-30,공모청약,[공모청약] 인제니아테라퓨틱스,38커뮤니케이션
2026-07-30,경제 일반,[에스아이리소스] 유상증자 신주상장예정일 (정정),DART
2026-07-30,실적발표,마이크로소프트 실적발표,YFINANCE
2026-07-30,경제 일반,[넥스트아이] 유상증자 신주상장예정일,DART
2026-07-30,경제 일반,[오가닉티코스메틱] 유상증자 신주상장예정일 (정정),DART
2026-07-30,실적발표,메타 실적발표,YFINANCE
2026-07-30,오버행(잠재매도),[잠재매도] 코미팜 CB/BW 전환청구 가능 (1년 전 발행),DART(과거검색)
2026-07-31,실적발표,애플 실적발표,YFINANCE
2026-07-31,오버행(잠재매도),[잠재매도] 케이피항공산업 CB/BW 전환청구 가능 (1년 전 발행),DART(과거검색)
2026-07-31,경제 일반,[엑시온그룹] 유상증자 신주상장예정일 (정정),DART
2026-07-31,경제 일반,[케이바이오랩스] 유상증자 신주상장예정일,DART
2026-07-31,오버행(잠재매도),[잠재매도] 제이에스링크 CB/BW 전환청구 가능 (1년 전 발행),DART(과거검색)
2026-07-31,실적발표,아마존 실적발표,YFINANCE
2026-07-31,배당/권리락,[권리락] [비비안] 무상증자 권리락,DART
2026-07-31,경제 일반,[CS] 유상증자 신주상장예정일,DART
2026-08-01,오버행(잠재매도),[잠재매도] 아미코젠 CB/BW 전환청구 가능 (1년 전 발행),DART(과거검색)
2026-08-01,오버행(잠재매도),[잠재매도] 에스아이리소스 CB/BW 전환청구 가능 (1년 전 발행),DART(과거검색)
2026-08-01,오버행(잠재매도),[잠재매도] 에스오에스랩 CB/BW 전환청구 가능 (1년 전 발행),DART(과거검색)
2026-08-03,공모청약,[공모청약] 딜리셔스,38커뮤니케이션
2026-08-03,경제 일반,[비비안] 무상증자 신주배정기준일,DART
2026-08-03,경제 일반,[수출입] 관세청 월간 수출입 동향 발표(예정)일,관세청
2026-08-03,경제 일반,[한양증권] 유상증자 신주상장예정일 (정정),DART
2026-08-03,경제 일반,[시선AI] 유상증자 신주상장예정일,DART
2026-08-04,경제 일반,[플레이그램] 유상증자 신주상장예정일,DART
2026-08-04,경제 일반,[한솔테크닉스] 유상증자 신주상장예정일 (정정),DART
2026-08-04,배당/권리락,[권리락] [한울반도체] 유상증자 권리락 (정정),DART
2026-08-04,경제 일반,[뉴인텍] 유상증자 신주상장예정일,DART
2026-08-04,공모청약,[공모청약] 케이앤에스아이앤씨,38커뮤니케이션
2026-08-04,경제 일반,[다보링크] 유상증자 신주상장예정일 (정정),DART
2026-08-05,경제 일반,[푸드나무] 유상증자 신주상장예정일 (정정),DART
2026-08-05,경제 일반,[코아스] 유상증자 신주상장예정일 (정정),DART
2026-08-05,배당/권리락,[권리락] [알테오젠] 무상증자 권리락,DART
2026-08-05,경제 일반,[비비안] 유상증자 신주상장예정일 (정정),DART
2026-08-05,경제 일반,[한울반도체] 유상증자 신주배정기준일 (정정),DART
2026-08-05,경제 일반,[한울앤제주] 유상증자 신주상장예정일 (정정),DART
2026-08-05,오버행(잠재매도),[잠재매도] 엠케이전자 CB/BW 전환청구 가능 (1년 전 발행),DART(과거검색)
2026-08-05,오버행(잠재매도),[잠재매도] 한창제지 CB/BW 전환청구 가능 (1년 전 발행),DART(과거검색)
2026-08-05,경제 일반,[핑거스토리] 유상증자 신주상장예정일 (정정),DART
2026-08-05,공모청약,[공모청약] 빅웨이브로보틱스,38커뮤니케이션
2026-08-05,공모청약,[공모청약] 니어스랩,38커뮤니케이션
2026-08-06,오버행(잠재매도),[잠재매도] 캔버스엔 CB/BW 전환청구 가능 (1년 전 발행),DART(과거검색)
2026-08-06,오버행(잠재매도),[잠재매도] 엑스페릭스 CB/BW 전환청구 가능 (1년 전 발행),DART(과거검색)
2026-08-06,실적발표,카카오 실적발표,YFINANCE
2026-08-06,경제 일반,[알테오젠] 무상증자 신주배정기준일,DART
2026-08-06,공모청약,[공모청약] 해치텍,38커뮤니케이션
2026-08-06,경제 일반,[케이지에이] 유상증자 신주상장예정일 (정정),DART
2026-08-06,경제 일반,[제이에스링크] 유상증자 신주상장예정일,DART
2026-08-07,오버행(잠재매도),[잠재매도] 대진첨단소재 CB/BW 전환청구 가능 (1년 전 발행),DART(과거검색)
2026-08-07,실적발표,네이버 실적발표,YFINANCE
2026-08-07,경제 일반,[블루산업개발] 유상증자 신주상장예정일 (정정),DART
2026-08-07,경제 일반,[티엘비] 유무상증자 신주상장예정일 (정정),DART
2026-08-07,경제 일반,[케이엠제약] 유상증자 신주상장예정일,DART
2026-08-07,오버행(잠재매도),[잠재매도] 피아이이 CB/BW 전환청구 가능 (1년 전 발행),DART(과거검색)
2026-08-08,오버행(잠재매도),[잠재매도] 트리니티항공 CB/BW 전환청구 가능 (1년 전 발행),DART(과거검색)
2026-08-08,경제 일반,[세기상사] 회사합병 합병기일 (정정),DART
2026-08-10,경제 일반,[우성머티리얼스] 유상증자 신주상장예정일,DART
2026-08-10,경제 일반,[알엔티엑스] 유상증자 신주상장예정일 (정정),DART
2026-08-10,경제 일반,[큐리오시스] 무상증자 신주상장예정일,DART
2026-08-10,경제 일반,[남성] 무상증자 신주상장예정일,DART
2026-08-10,경제 일반,[시선AI] 유상증자 신주상장예정일 (정정),DART
2026-08-10,경제 일반,[진영] 유상증자 신주상장예정일,DART
2026-08-11,경제 일반,[수출입] 관세청 10일 단위 수출입 동향 발표(예정)일,관세청
2026-08-11,경제 일반,[윈하이텍] 유상증자 신주상장예정일,DART
2026-08-11,경제 일반,[앱튼] 유상증자 신주상장예정일 (정정),DART
2026-08-11,경제 일반,[푸드나무] 유상증자 신주상장예정일 (정정),DART
2026-08-11,오버행(잠재매도),[잠재매도] 한울소재과학 CB/BW 전환청구 가능 (1년 전 발행),DART(과거검색)
2026-08-11,공모청약,[공모청약] 기도산업,38커뮤니케이션
2026-08-12,공모청약,[공모청약] 해치텍,38커뮤니케이션
2026-08-12,경제 일반,[에이전트AI] 유상증자 신주상장예정일,DART
2026-08-12,공모청약,[공모청약] 니어스랩,38커뮤니케이션
2026-08-12,국제 - 미국,미국 7월 소비자물가지수 (CPI) 발표,정적 캘린더
2026-08-12,오버행(잠재매도),[잠재매도] 파라텍 CB/BW 전환청구 가능 (1년 전 발행),DART(과거검색)
2026-08-12,오버행(잠재매도),[잠재매도] 아이톡시 CB/BW 전환청구 가능 (1년 전 발행),DART(과거검색)
2026-08-13,공모청약,[공모청약] 스카이랩스,38커뮤니케이션
2026-08-13,경제 일반,[씨엑스아이] 유상증자 신주상장예정일,DART
2026-08-13,파생만기,[파생만기] 2026년 8월 옵션 만기일,정적계산
2026-08-13,경제 일반,[더코디] 유상증자 신주상장예정일 (정정),DART
2026-08-13,경제 일반,[다보링크] 유상증자 신주상장예정일 (정정),DART
2026-08-14,경제 일반,[에이프로젠바이오로직스] 유상증자 신주상장예정일,DART
2026-08-14,오버행(잠재매도),[잠재매도] 위츠 CB/BW 전환청구 가능 (1년 전 발행),DART(과거검색)
2026-08-14,경제 일반,[이노진] 유상증자 신주상장예정일,DART
2026-08-14,경제 일반,[부스타] 무상증자 신주상장예정일,DART
2026-08-14,경제 일반,[손오공] 유상증자 신주상장예정일 (정정),DART
2026-08-14,경제 일반,[미래산업] 유상증자 신주상장예정일 (정정),DART
2026-08-18,경제 일반,[RF머트리얼즈] 무상증자 신주상장예정일,DART
2026-08-18,경제 일반,[더코디] 유상증자 신주상장예정일 (정정),DART
2026-08-19,경제 일반,[앱튼] 유상증자 신주상장예정일 (정정),DART
2026-08-19,정부정책,[금융위] 2026 금융권 공동채용 박람회,금융위 RSS
2026-08-19,경제 일반,[다보링크] 유상증자 신주상장예정일 (정정),DART
2026-08-20,경제 일반,[광진실업] 유상증자 신주상장예정일,DART
2026-08-20,경제 일반,[캔버스엔] 유상증자 신주상장예정일 (정정),DART
2026-08-20,경제 일반,[알테오젠] 무상증자 신주상장예정일,DART
2026-08-20,경제 일반,[아이큐어] 유상증자 신주상장예정일,DART
2026-08-20,경제 일반,[테라사이언스] 유상증자 신주상장예정일 (정정),DART
2026-08-20,경제 일반,[제이에스링크] 유상증자 신주상장예정일 (정정),DART
2026-08-21,경제 일반,[디와이디] 유상증자 신주상장예정일 (정정),DART
2026-08-21,경제 일반,[수출입] 관세청 20일 단위 수출입 동향 발표(예정)일,관세청
2026-08-24,경제 일반,[판타지오] 유상증자 신주상장예정일,DART
2026-08-24,경제 일반,[대동기어] 유무상증자 신주상장예정일 (정정),DART
2026-08-24,경제 일반,[푸드나무] 유상증자 신주상장예정일,DART
2026-08-25,공모청약,[공모청약] 브릴스,38커뮤니케이션
2026-08-25,경제 일반,[유진테크놀로지] 무상증자 신주상장예정일,DART
2026-08-25,경제 일반,[아센디오] 유상증자 신주상장예정일,DART
2026-08-25,경제 일반,[세기상사] 회사합병 신주상장예정일 (정정),DART
2026-08-25,경제 일반,[주성코퍼레이션] 유상증자 신주상장예정일,DART
2026-08-25,해외학회/전시,Gamescom 2026 (유럽 최대 게임쇼 개최),정적 캘린더
2026-08-25,경제 일반,[비비안] 무상증자 신주상장예정일,DART
2026-08-25,경제 일반,[비비안] 유상증자 신주상장예정일 (정정),DART
2026-08-26,경제 일반,[블루산업개발] 유상증자 신주상장예정일 (정정),DART
2026-08-26,경제 일반,[LB세미콘] 유상증자 신주상장예정일 (정정),DART
2026-08-27,경제 일반,[썸에이지] 유상증자 신주상장예정일 (정정),DART
2026-08-27,실적발표,엔비디아 실적발표,YFINANCE
2026-08-28,경제 일반,[페니트리움바이오] 유상증자 신주상장예정일 (정정),DART
2026-08-31,경제 일반,[코퍼스코리아] 유상증자 신주상장예정일 (정정),DART
2026-09-01,경제 일반,[씨앤투스] 회사합병 합병기일,DART
2026-09-01,경제 일반,[삼부토건] 유상증자 신주상장예정일,DART
2026-09-02,배당/권리락,[권리락] [휴림에이텍] 유상증자 권리락 (정정),DART
2026-09-02,경제 일반,[아미코젠] 유상증자 신주상장예정일 (정정),DART
2026-09-03,경제 일반,[휴림에이텍] 유상증자 신주배정기준일 (정정),DART
2026-09-03,경제 일반,[센서뷰] 유상증자 신주상장예정일 (정정),DART
2026-09-04,경제 일반,[블루산업개발] 유상증자 신주상장예정일 (정정),DART
2026-09-04,해외학회/전시,IFA 2026,Google Alerts 3
2026-09-04,해외학회/전시,IFA Berlin,Google Alerts 3
2026-09-04,해외학회/전시,IFA 2026 유럽 가전전시회 개최 (~09-09),정적 캘린더
2026-09-07,경제 일반,[클로봇] 유상증자 신주상장예정일 (정정),DART
2026-09-09,경제 일반,[윙입푸드] 유상증자 신주상장예정일,DART
2026-09-10,파생만기,[파생만기] 2026년 9월 옵션 만기일,정적계산
2026-09-11,해외학회/전시,ESMO 2026 유럽종양내과학회 본행사 (~09-15),정적 캘린더
2026-09-14,경제 일반,[케이지에이] 유상증자 신주상장예정일 (정정),DART
2026-09-14,경제 일반,[에이루트] 유상증자 신주상장예정일 (정정),DART
2026-09-16,경제 일반,[CSA 코스믹] 유상증자 신주상장예정일 (정정),DART
2026-09-16,국제 - 미국,미국 8월 소비자물가지수 (CPI) 발표,정적 캘린더
2026-09-16,국제 - 미국,미국 FOMC 금리결정 및 분기 전망 점도표 발표 ★★,정적 캘린더
2026-09-16,경제 일반,[IBKS제25호스팩] 회사합병 합병기일,DART
2026-09-17,경제 일반,[광진실업] 유상증자 신주상장예정일,DART
2026-09-17,경제 일반,[이렘] 유상증자 신주상장예정일 (정정),DART
2026-09-18,경제 일반,[알엔투테크놀로지] 유상증자 신주상장예정일,DART
2026-09-18,경제 일반,[이렘] 유상증자 신주상장예정일 (정정),DART
2026-09-18,경제 일반,[엣지파운드리] 유상증자 신주상장예정일 (정정),DART
2026-09-21,경제 일반,[삼영무역] 회사합병 합병기일,DART
2026-09-22,경제 일반,[알에프텍] 회사합병 합병기일 (정정),DART
2026-09-22,경제 일반,[에코볼트] 회사합병 합병기일 (정정),DART
2026-09-23,경제 일반,[아이텍] 유상증자 신주상장예정일 (정정),DART
2026-09-28,경제 일반,[에이루트] 유상증자 신주상장예정일 (정정),DART
2026-09-28,경제 일반,[한울반도체] 유상증자 신주상장예정일 (정정),DART
2026-09-30,경제 일반,[NHN] 회사합병 합병기일,DART
2026-09-30,경제 일반,[케이프] 회사합병 합병기일,DART
2026-10-01,경제 일반,[S&K폴리텍] 회사합병 합병기일,DART
2026-10-01,경제 일반,[대진첨단소재] 회사합병 합병기일 (정정),DART
2026-10-02,경제 일반,[엔젠바이오] 유상증자 신주상장예정일 (정정),DART
2026-10-06,경제 일반,[한울반도체] 유상증자 신주상장예정일 (정정),DART
2026-10-13,경제 일반,[에코볼트] 회사합병 신주상장예정일 (정정),DART
2026-10-13,경제 일반,[벡트] 유상증자 신주상장예정일,DART
2026-10-13,경제 일반,[퓨쳐켐] 유무상증자 신주상장예정일 (정정),DART
2026-10-13,경제 일반,[알에프텍] 회사합병 신주상장예정일 (정정),DART
2026-10-14,국제 - 미국,미국 9월 소비자물가지수 (CPI) 발표,정적 캘린더
2026-10-19,경제 일반,[휴맥스홀딩스] 회사합병 신주상장예정일,DART
2026-10-19,경제 일반,[휴맥스] 회사합병 신주상장예정일,DART
2026-10-21,경제 일반,[금양] 유상증자 신주상장예정일 (정정),DART
2026-10-21,경제 일반,[스코넥] 유상증자 신주상장예정일 (정정),DART
2026-10-28,국제 - 미국,미국 FOMC 금리결정 발표 ★,정적 캘린더
2026-10-30,경제 일반,[CSA 코스믹] 유상증자 신주상장예정일 (정정),DART
2026-11-03,경제 일반,[휴림에이텍] 유상증자 신주상장예정일 (정정),DART
2026-11-03,경제 일반,[블루산업개발] 유상증자 신주상장예정일 (정정),DART
2026-11-05,경제 일반,[에코프로비엠] 유상증자 신주상장예정일,DART
2026-11-06,해외학회/전시,SITC 2026 면역항암학회 본행사 (~11-08),정적 캘린더
2026-11-12,국제 - 미국,미국 10월 소비자물가지수 (CPI) 발표,정적 캘린더
2026-11-12,경제 일반,[교보15호스팩] 회사합병 합병기일 (정정),DART
2026-11-16,경제 일반,[블루산업개발] 유상증자 신주상장예정일 (정정),DART
2026-11-29,해외학회/전시,RSNA 2026 북미방사선학회 (의료AI 중심) (~12-03),정적 캘린더
2026-11-30,경제 일반,[교보15호스팩] 회사합병 신주상장예정일 (정정),DART
2026-12-04,경제 일반,[소룩스] 회사합병 합병기일 (정정),DART
2026-12-05,해외학회/전시,ASH 2026 미국혈액학회 본행사 (~12-08),정적 캘린더
2026-12-10,경제 일반,[금호전기] 유상증자 신주상장예정일 (정정),DART
2026-12-11,국제 - 미국,미국 11월 소비자물가지수 (CPI) 발표,정적 캘린더
2026-12-16,경제 일반,[대한항공] 회사합병 합병기일 (정정),DART
2026-12-16,국제 - 미국,미국 FOMC 금리결정 발표 ★,정적 캘린더
2026-12-24,경제 일반,[IBKS제25호스팩] 회사합병 신주상장예정일,DART
2026-12-30,경제 일반,[소룩스] 회사합병 신주상장예정일 (정정),DART
2027-01-04,경제 일반,[대한항공] 회사합병 신주상장예정일 (정정),DART
2027-01-04,경제 일반,[아시아나항공] 회사합병 신주상장예정일 (정정),DART
2027-01-06,해외학회/전시,CES 2027 세계최대 가전/IT 전시회 (~01-09),정적 캘린더
2027-01-11,경제 일반,[베노티앤알] 유상증자 신주상장예정일,DART
2027-01-11,해외학회/전시,JP모건 헬스케어 컨퍼런스 2027 (~01-14),정적 캘린더
2027-01-22,경제 일반,[한창] 유상증자 신주상장예정일 (정정),DART
2027-01-26,경제 일반,[유진스팩10호] 회사합병 합병기일 (정정),DART
2027-02-10,경제 일반,[유진스팩10호] 회사합병 신주상장예정일 (정정),DART
